{"cameraMode":{"drawMode":0,"name":"Shaded","section":"Shading Mode"},"sceneLighting":false,"audioPlay":false,"sceneViewState":{"showFog":true,"showMaterialUpdate":false,"showSkybox":false,"showFlares":true,"showImageEffects":true,"showParticleSystems":true},"in2DMode":false,"pivot":{"x":-0.06127318739891052,"y":0.9678897857666016,"z":0.3450906574726105},"rotation":{"x":-0.07387333363294602,"y":0.8880372643470764,"z":-0.15363529324531556,"w":-0.4270000457763672},"size":5.23331880569458,"orthographic":false}