{"cameraMode":{"drawMode":0,"name":"Shaded","section":"Shading Mode"},"sceneLighting":false,"audioPlay":false,"sceneViewState":{"showFog":true,"showMaterialUpdate":false,"showSkybox":true,"showFlares":true,"showImageEffects":true,"showParticleSystems":true},"in2DMode":false,"pivot":{"x":19.236875534057618,"y":0.6565670967102051,"z":19.697120666503908},"rotation":{"x":-0.15290650725364686,"y":0.7761760950088501,"z":-0.20606641471385957,"w":-0.5759570598602295},"size":16.17397689819336,"orthographic":false}